driverId,year,winner
1,2007,0
1,2008,1
1,2009,0
1,2010,0
1,2011,0
1,2012,0
1,2013,0
1,2014,1
1,2015,1
1,2016,0
1,2017,1
1,2018,1
1,2019,1
1,2020,1
1,2021,0
1,2022,0
1,2023,0
1,2024,0
2,2000,0
2,2001,0
2,2002,0
2,2003,0
2,2004,0
2,2005,0
2,2006,0
2,2007,0
2,2008,0
2,2009,0
2,2010,0
2,2011,0
3,2006,0
3,2007,0
3,2008,0
3,2009,0
3,2010,0
3,2011,0
3,2012,0
3,2013,0
3,2014,0
3,2015,0
3,2016,1
4,2001,0
4,2003,0
4,2004,0
4,2005,1
4,2006,1
4,2007,0
4,2008,0
4,2009,0
4,2010,0
4,2011,0
4,2012,0
4,2013,0
4,2014,0
4,2015,0
4,2016,0
4,2017,0
4,2018,0
4,2021,0
4,2022,0
4,2023,0
4,2024,0
5,2007,0
5,2008,0
5,2009,0
5,2010,0
5,2011,0
5,2012,0
5,2013,0
6,2007,0
6,2008,0
6,2009,0
7,2008,0
7,2009,0
8,2001,0
8,2002,0
8,2003,0
8,2004,0
8,2005,0
8,2006,0
8,2007,1
8,2008,0
8,2009,0
8,2012,0
8,2013,0
8,2014,0
8,2015,0
8,2016,0
8,2017,0
8,2018,0
8,2019,0
8,2020,0
8,2021,0
9,2006,0
9,2007,0
9,2008,0
9,2009,0
9,2010,0
9,2019,0
9,2021,0
10,2004,0
10,2008,0
10,2009,0
10,2010,0
10,2011,0
10,2012,0
11,2002,0
11,2003,0
11,2004,0
11,2005,0
11,2006,0
11,2007,0
11,2008,0
12,2008,0
12,2009,0
13,2002,0
13,2004,0
13,2005,0
13,2006,0
13,2007,0
13,2008,0
13,2009,0
13,2010,0
13,2011,0
13,2012,0
13,2013,0
13,2014,0
13,2015,0
13,2016,0
13,2017,0
14,1994,0
14,1995,0
14,1996,0
14,1997,0
14,1998,0
14,1999,0
14,2000,0
14,2001,0
14,2002,0
14,2003,0
14,2004,0
14,2005,0
14,2006,0
14,2007,0
14,2008,0
15,1997,0
15,1998,0
15,1999,0
15,2000,0
15,2001,0
15,2002,0
15,2003,0
15,2004,0
15,2005,0
15,2006,0
15,2007,0
15,2008,0
15,2009,0
15,2010,0
15,2011,0
16,2007,0
16,2008,0
16,2009,0
16,2010,0
16,2011,0
16,2013,0
16,2014,0
17,2002,0
17,2003,0
17,2004,0
17,2005,0
17,2006,0
17,2007,0
17,2008,0
17,2009,0
17,2010,0
17,2011,0
17,2012,0
17,2013,0
18,2000,0
18,2001,0
18,2002,0
18,2003,0
18,2004,0
18,2005,0
18,2006,0
18,2007,0
18,2008,0
18,2009,1
18,2010,0
18,2011,0
18,2012,0
18,2013,0
18,2014,0
18,2015,0
18,2016,0
18,2017,0
19,2002,0
19,2005,0
19,2007,0
19,2008,0
20,2007,0
20,2008,0
20,2009,0
20,2010,1
20,2011,1
20,2012,1
20,2013,1
20,2014,0
20,2015,0
20,2016,0
20,2017,0
20,2018,0
20,2019,0
20,2020,0
20,2021,0
20,2022,0
21,1996,0
21,1997,0
21,1998,0
21,1999,0
21,2000,0
21,2001,0
21,2002,0
21,2003,0
21,2004,0
21,2005,0
21,2006,0
21,2007,0
21,2008,0
21,2009,0
22,1993,0
22,1994,0
22,1995,0
22,1996,0
22,1997,0
22,1998,0
22,1999,0
22,2000,0
22,2001,0
22,2002,0
22,2003,0
22,2004,0
22,2005,0
22,2006,0
22,2007,0
22,2008,0
22,2009,0
22,2010,0
22,2011,0
23,1997,0
23,1998,0
23,1999,0
23,2000,0
23,2001,0
23,2002,0
23,2003,0
23,2004,0
23,2005,0
23,2006,0
23,2007,0
24,2005,0
24,2006,0
24,2007,0
24,2009,0
24,2010,0
24,2011,0
25,1997,0
25,1998,0
25,1999,0
25,2000,0
25,2005,0
25,2007,0
26,2006,0
26,2007,0
27,2005,0
27,2006,0
27,2007,0
28,2007,0
29,2006,0
29,2007,0
29,2010,0
30,1991,0
30,1992,0
30,1993,0
30,1994,1
30,1995,1
30,1996,0
30,1997,0
30,1998,0
30,1999,0
30,2000,1
30,2001,1
30,2002,1
30,2003,1
30,2004,1
30,2005,0
30,2006,0
30,2010,0
30,2011,0
30,2012,0
32,2004,0
32,2005,0
32,2006,0
32,2010,0
33,2005,0
33,2006,0
34,2006,0
35,1996,0
35,1997,1
35,1998,0
35,1999,0
35,2000,0
35,2001,0
35,2002,0
35,2003,0
35,2004,0
35,2005,0
35,2006,0
36,2006,0
37,1999,0
37,2000,0
37,2001,0
37,2002,0
37,2005,0
37,2006,0
37,2010,0
37,2011,0
37,2012,0
38,2005,0
38,2006,0
39,2005,0
39,2011,0
39,2012,0
40,2005,0
41,1999,0
41,2000,0
41,2001,0
41,2004,0
41,2005,0
42,2003,0
42,2004,0
42,2005,0
43,2003,0
43,2004,0
44,1994,0
44,1995,0
44,1996,0
44,1997,0
44,1998,0
44,1999,0
44,2001,0
44,2002,0
44,2003,0
44,2004,0
45,2004,0
46,2004,0
47,2003,0
47,2004,0
48,1999,0
48,2000,0
48,2003,0
48,2004,0
49,1994,0
49,1995,0
49,1996,0
49,1997,0
49,1998,0
49,1999,0
49,2000,0
49,2001,0
49,2002,0
49,2003,0
50,1994,0
50,1995,0
50,1996,0
50,1997,0
50,1998,0
50,2000,0
50,2001,0
50,2003,0
51,2003,0
52,2003,0
53,2003,0
54,2000,0
54,2001,0
55,1989,0
55,1990,0
55,1991,0
55,1992,0
55,1993,0
55,1994,0
55,1995,0
55,1996,0
55,1997,0
55,1998,0
55,1999,0
55,2000,0
55,2001,0
56,1993,0
56,1994,0
56,1995,0
56,1996,0
56,1997,0
56,1998,0
56,1999,0
56,2000,0
56,2001,0
56,2002,0
57,1991,0
57,1992,0
57,1993,0
57,1994,0
57,1995,0
57,1996,0
57,1997,0
57,1998,1
57,1999,1
57,2000,0
57,2001,0
58,1996,0
58,1997,0
58,2001,0
59,2001,0
59,2002,0
61,2001,0
62,2001,0
62,2002,0
63,1994,0
63,1995,0
63,1996,0
63,1997,0
63,1998,0
63,1999,0
63,2000,0
63,2002,0
64,1995,0
64,1996,0
64,1997,0
64,1998,0
64,1999,0
64,2000,0
65,1989,0
65,1990,0
65,1991,0
65,1992,0
65,1993,0
65,1994,0
65,1995,0
65,1996,0
65,1997,0
65,1998,0
65,1999,0
65,2000,0
66,2002,0
67,2009,0
67,2010,0
67,2011,0
68,1998,0
68,1999,0
69,1993,0
69,1995,0
69,1996,0
69,1999,0
69,2009,0
70,1991,0
70,1992,0
70,1993,0
70,1994,0
70,1999,0
71,1992,0
71,1993,0
71,1994,0
71,1995,0
71,1996,1
71,1997,0
71,1998,0
71,1999,0
72,1999,0
73,1996,0
73,1997,0
73,1998,0
75,1997,0
75,1998,0
76,1995,0
76,1997,0
76,1998,0
77,1984,0
77,1985,0
77,1986,0
77,1987,0
77,1988,0
77,1989,0
77,1990,0
77,1991,0
77,1992,0
77,1993,0
77,1994,0
77,1995,0
77,1996,0
77,1997,0
78,1987,0
78,1988,0
78,1989,0
78,1990,0
78,1991,0
78,1992,0
78,1994,0
78,1997,0
79,1992,0
79,1993,0
79,1994,0
79,1995,0
79,1996,0
79,1997,0
80,1997,0
81,1990,0
81,1991,0
81,1992,0
81,1994,0
81,1995,0
81,1997,0
83,1993,0
83,1994,0
83,1995,0
83,1996,0
84,1984,0
84,1985,0
84,1986,0
84,1987,0
84,1988,0
84,1989,0
84,1991,0
84,1992,0
84,1993,0
84,1994,0
84,1995,0
84,1996,0
85,1994,0
85,1995,0
85,1996,0
86,1995,0
86,1996,0
87,1991,0
87,1993,0
87,1994,0
87,1995,0
88,1988,0
88,1989,0
88,1990,0
88,1991,0
88,1992,0
88,1993,0
88,1994,0
88,1995,0
89,1994,0
89,1995,0
90,1982,0
90,1987,0
90,1989,0
90,1990,0
90,1991,0
90,1992,0
90,1995,0
91,1991,0
91,1992,0
91,1993,0
91,1994,0
91,1995,0
92,1989,0
92,1990,0
92,1991,0
92,1992,0
92,1994,0
92,1995,0
93,1994,0
93,1995,0
94,1984,0
94,1985,0
94,1988,0
94,1989,0
94,1990,0
94,1991,0
94,1992,0
94,1993,0
94,1994,0
94,1995,0
95,1980,0
95,1981,0
95,1982,0
95,1983,0
95,1984,0
95,1985,0
95,1986,0
95,1987,0
95,1988,0
95,1989,0
95,1990,0
95,1991,0
95,1992,1
95,1994,0
95,1995,0
96,1995,0
97,1995,0
98,1994,0
98,1995,0
99,1987,0
99,1988,0
99,1989,0
99,1990,0
99,1991,0
99,1992,0
99,1995,0
100,1991,0
100,1992,0
100,1993,0
100,1994,0
101,1990,0
101,1994,0
102,1984,0
102,1985,0
102,1986,0
102,1987,0
102,1988,0
102,1989,0
102,1990,1
102,1991,1
102,1992,0
102,1993,0
102,1994,0
103,1989,0
103,1990,0
103,1991,0
103,1994,0
104,1992,0
104,1993,0
104,1994,0
105,1981,0
105,1982,0
105,1983,0
105,1984,0
105,1985,0
105,1986,0
105,1987,0
105,1988,0
105,1989,0
105,1990,0
105,1991,0
105,1992,0
105,1993,0
105,1994,0
106,1994,0
107,1994,0
108,1992,0
108,1994,0
109,1989,0
109,1990,0
109,1991,0
109,1992,0
109,1993,0
109,1994,0
110,1980,0
110,1981,0
110,1982,0
110,1983,0
110,1984,0
110,1985,0
110,1986,0
110,1987,0
110,1988,0
110,1989,0
110,1990,0
110,1991,0
110,1992,0
110,1993,0
110,1994,0
111,1993,0
111,1994,0
112,1984,0
112,1985,0
112,1986,0
112,1987,0
112,1988,0
112,1989,0
112,1990,0
112,1993,0
112,1994,0
113,1994,0
114,1987,0
114,1988,0
114,1989,0
114,1990,0
114,1994,0
115,1994,0
116,1994,0
117,1980,0
117,1981,0
117,1982,0
117,1983,0
117,1984,0
117,1985,1
117,1986,1
117,1987,0
117,1988,1
117,1989,1
117,1990,0
117,1991,0
117,1993,1
118,1981,0
118,1982,0
118,1983,0
118,1984,0
118,1985,0
118,1986,0
118,1987,0
118,1988,0
118,1989,0
118,1990,0
118,1993,0
119,1977,0
119,1978,0
119,1979,0
119,1980,0
119,1981,0
119,1982,0
119,1983,0
119,1984,0
119,1985,0
119,1986,0
119,1987,0
119,1988,0
119,1989,0
119,1990,0
119,1991,0
119,1992,0
119,1993,0
120,1991,0
120,1993,0
121,1993,0
122,1985,0
122,1986,0
122,1987,0
122,1988,0
122,1989,0
122,1990,0
122,1991,0
122,1992,0
122,1993,0
123,1983,0
123,1984,0
123,1985,0
123,1986,0
123,1987,0
123,1988,0
123,1989,0
123,1990,0
123,1991,0
123,1992,0
123,1993,0
124,1993,0
125,1992,0
125,1993,0
126,1993,0
127,1988,0
127,1989,0
127,1990,0
127,1991,0
127,1992,0
128,1991,0
128,1992,0
129,1989,0
129,1990,0
129,1991,0
129,1992,0
130,1992,0
131,1987,0
131,1988,0
131,1989,0
131,1990,0
131,1991,0
131,1992,0
132,1992,0
133,1986,0
133,1987,0
133,1988,0
133,1989,0
133,1990,0
133,1991,0
134,1989,0
135,1992,0
136,1979,0
136,1980,0
136,1981,0
136,1982,0
136,1992,0
137,1978,0
137,1979,0
137,1980,0
137,1981,1
137,1982,0
137,1983,1
137,1984,0
137,1985,0
137,1986,0
137,1987,1
137,1988,0
137,1989,0
137,1990,0
137,1991,0
138,1987,0
138,1988,0
138,1989,0
138,1990,0
138,1991,0
139,1989,0
139,1990,0
139,1991,0
140,1980,0
140,1983,0
140,1984,0
140,1985,0
140,1986,0
140,1987,0
140,1988,0
140,1989,0
140,1990,0
140,1991,0
141,1988,0
141,1991,0
142,1991,0
143,1991,0
144,1991,0
145,1986,0
145,1987,0
145,1988,0
145,1989,0
145,1990,0
146,1988,0
146,1989,0
146,1990,0
147,1989,0
147,1990,0
148,1989,0
148,1990,0
149,1990,0
150,1990,0
151,1989,0
151,1990,0
152,1977,0
152,1978,0
152,1979,0
152,1980,0
152,1981,0
152,1982,0
152,1983,0
152,1990,0
153,2009,0
153,2010,0
153,2011,0
154,2009,0
154,2012,0
154,2013,0
154,2014,0
154,2015,0
154,2016,0
154,2017,0
154,2018,0
154,2019,0
154,2020,0
155,2009,0
155,2010,0
155,2011,0
155,2012,0
155,2014,0
156,1983,0
156,1984,0
156,1985,0
156,1986,0
156,1987,0
156,1988,0
156,1989,0
157,1985,0
157,1986,0
157,1987,0
157,1989,0
158,1978,0
158,1980,0
158,1981,0
158,1982,0
158,1983,0
158,1984,0
158,1985,0
158,1986,0
158,1987,0
158,1988,0
158,1989,0
159,1988,0
159,1989,0
160,1981,0
160,1983,0
160,1984,0
160,1985,0
160,1986,0
160,1987,0
160,1988,0
160,1989,0
161,1989,0
162,1988,0
162,1989,0
163,1978,0
163,1979,0
163,1980,0
163,1981,0
163,1982,0
163,1983,0
163,1984,0
163,1985,0
163,1986,0
163,1987,0
163,1988,0
163,1989,0
164,1989,0
166,1984,0
166,1985,0
166,1986,0
166,1987,0
166,1988,0
167,1987,0
167,1988,0
168,1983,0
168,1988,0
169,1987,0
170,1982,0
170,1984,0
170,1985,0
170,1986,0
170,1987,0
171,1987,0
172,1974,0
172,1975,0
172,1976,0
172,1977,0
172,1978,0
172,1979,0
172,1980,0
172,1981,0
172,1982,0
172,1983,0
172,1984,0
172,1985,0
172,1986,0
173,1979,0
173,1980,0
173,1981,0
173,1982,0
173,1983,0
173,1984,0
173,1985,0
173,1986,0
174,1986,0
175,1977,0
175,1978,0
175,1979,0
175,1981,0
175,1982,0
175,1983,0
175,1984,0
175,1985,0
175,1986,0
176,1979,0
176,1980,0
176,1981,0
176,1982,0
176,1983,0
176,1984,0
176,1985,0
176,1986,0
177,1978,0
177,1979,0
177,1980,0
177,1981,0
177,1982,1
177,1983,0
177,1984,0
177,1985,0
177,1986,0
178,1975,0
178,1976,0
178,1977,0
178,1978,0
178,1979,0
178,1980,1
178,1981,0
178,1983,0
178,1985,0
178,1986,0
179,1984,0
179,1985,0
179,1986,0
180,1986,0
181,1980,0
181,1982,0
181,1983,0
181,1984,0
181,1985,0
182,1971,0
182,1972,0
182,1973,0
182,1974,0
182,1975,1
182,1976,0
182,1977,1
182,1978,0
182,1979,0
182,1982,0
182,1983,0
182,1984,1
182,1985,0
183,1984,0
183,1985,0
184,1982,0
184,1983,0
184,1984,0
184,1985,0
185,1984,0
185,1985,0
186,1983,0
186,1985,0
187,1973,0
187,1974,0
187,1975,0
187,1976,0
187,1977,0
187,1978,0
187,1979,0
187,1980,0
187,1981,0
187,1982,0
187,1983,0
187,1985,0
188,1983,0
188,1984,0
189,1984,0
190,1983,0
190,1984,0
191,1980,0
191,1984,0
192,1981,0
192,1982,0
192,1983,0
193,1983,0
194,1981,0
194,1982,0
194,1983,0
196,1982,0
196,1983,0
197,1971,0
197,1973,0
197,1974,0
197,1975,0
197,1976,0
197,1977,0
197,1978,0
197,1979,0
197,1980,0
197,1981,0
197,1982,0
197,1983,0
198,1981,0
198,1983,0
200,1973,0
200,1974,0
200,1975,0
200,1976,0
200,1977,0
200,1978,0
200,1979,0
200,1980,0
200,1982,0
201,1981,0
201,1982,0
202,1978,0
202,1979,0
202,1980,0
202,1981,0
202,1982,0
203,1977,0
203,1978,0
203,1979,0
203,1980,0
203,1981,0
203,1982,0
204,1982,0
205,1975,0
205,1977,0
205,1981,0
205,1982,0
206,1978,0
206,1979,0
206,1980,0
206,1981,0
206,1982,0
207,1968,0
207,1969,0
207,1970,0
207,1971,0
207,1972,0
207,1974,0
207,1975,0
207,1976,0
207,1977,0
207,1978,1
207,1979,0
207,1980,0
207,1981,0
207,1982,0
208,1976,0
208,1977,0
208,1978,0
208,1982,0
209,1978,0
209,1979,0
209,1980,0
209,1982,0
210,1982,0
211,1977,0
211,1978,0
211,1980,0
211,1982,0
212,1977,0
212,1978,0
212,1979,0
212,1980,0
212,1981,0
213,1978,0
213,1981,0
214,1980,0
214,1981,0
216,1981,0
219,1974,0
219,1975,0
219,1977,0
219,1978,0
219,1979,0
219,1980,0
219,1981,0
220,1977,0
220,1981,0
221,1972,0
221,1974,0
221,1975,0
221,1976,0
221,1977,0
221,1978,0
221,1979,0
221,1980,0
222,1972,0
222,1973,0
222,1974,0
222,1975,0
222,1976,0
222,1977,0
222,1978,0
222,1979,1
222,1980,0
223,1970,0
223,1971,0
223,1972,0
223,1973,0
223,1974,0
223,1975,0
223,1976,0
223,1977,0
223,1978,0
223,1979,0
223,1980,0
224,1970,0
224,1971,0
224,1972,1
224,1973,0
224,1974,1
224,1975,0
224,1976,0
224,1977,0
224,1978,0
224,1979,0
224,1980,0
225,1980,0
226,1980,0
227,1980,0
228,1980,0
229,1975,0
229,1976,0
229,1977,0
229,1978,0
229,1980,0
230,1974,0
230,1975,0
230,1976,0
230,1977,0
230,1978,0
230,1979,0
230,1980,0
231,1973,0
231,1974,0
231,1975,0
231,1976,1
231,1977,0
231,1978,0
231,1979,0
232,1972,0
232,1973,0
232,1974,0
232,1975,0
232,1976,0
232,1977,0
232,1978,0
232,1979,0
233,1974,0
233,1975,0
233,1976,0
233,1977,0
233,1978,0
233,1979,0
234,1979,0
235,1967,0
235,1968,0
235,1969,0
235,1970,0
235,1971,0
235,1972,0
235,1973,0
235,1974,0
235,1975,0
235,1976,0
235,1977,0
235,1978,0
235,1979,0
236,1979,0
237,1976,0
237,1977,0
237,1979,0
238,1970,0
238,1971,0
238,1972,0
238,1973,0
238,1974,0
238,1975,0
238,1976,0
238,1977,0
238,1978,0
239,1975,0
239,1976,0
239,1977,0
239,1978,0
240,1977,0
240,1978,0
241,1977,0
241,1978,0
242,1976,0
242,1978,0
243,1970,0
243,1971,0
243,1972,0
243,1973,0
243,1974,0
243,1975,0
243,1976,0
243,1978,0
244,1978,0
245,1975,0
245,1976,0
245,1977,0
245,1978,0
246,1976,0
246,1977,0
246,1978,0
247,1977,0
247,1978,0
248,1978,0
249,1978,0
250,1972,0
250,1973,0
250,1974,0
250,1975,0
250,1976,0
250,1977,0
251,1974,0
251,1975,0
251,1976,0
251,1977,0
252,1974,0
252,1975,0
252,1976,0
252,1977,0
253,1976,0
253,1977,0
254,1975,0
254,1976,0
254,1977,0
255,1976,0
255,1977,0
256,1974,0
256,1976,0
256,1977,0
257,1976,0
257,1977,0
258,1976,0
258,1977,0
259,1973,0
259,1974,0
259,1977,0
260,1976,0
260,1977,0
261,1977,0
262,1967,0
262,1968,0
262,1969,0
262,1970,0
262,1971,0
262,1972,0
262,1973,0
262,1977,0
263,1977,0
264,1977,0
265,1974,0
265,1976,0
265,1977,0
266,1977,0
267,1974,0
267,1975,0
267,1977,0
268,1977,0
269,1974,0
269,1977,0
270,1974,0
270,1975,0
270,1976,0
270,1977,0
271,1976,0
271,1977,0
272,1977,0
273,1976,0
273,1977,0
274,1976,0
274,1977,0
275,1974,0
275,1975,0
275,1976,0
276,1975,0
276,1976,0
277,1975,0
277,1976,0
278,1963,0
278,1964,0
278,1965,0
278,1966,0
278,1967,0
278,1968,0
278,1969,0
278,1970,0
278,1971,0
278,1972,0
278,1973,0
278,1974,0
278,1975,0
278,1976,0
279,1976,0
280,1968,0
280,1970,0
280,1971,0
280,1972,0
280,1973,0
280,1974,0
280,1976,0
281,1976,0
282,1975,0
282,1976,0
283,1974,0
283,1975,0
283,1976,0
284,1976,0
285,1976,0
286,1976,0
287,1976,0
288,1971,0
288,1974,0
288,1975,0
289,1958,0
289,1959,0
289,1960,0
289,1961,0
289,1962,1
289,1963,0
289,1964,1
289,1965,0
289,1966,0
289,1967,0
289,1968,1
289,1969,0
289,1970,0
289,1971,0
289,1972,0
289,1973,0
289,1974,0
289,1975,0
290,1972,0
290,1973,0
290,1975,0
291,1975,0
292,1973,0
292,1974,0
292,1975,0
293,1965,0
293,1967,0
293,1968,0
293,1970,0
293,1971,0
293,1972,0
293,1973,0
293,1974,0
293,1975,0
294,1975,0
295,1975,0
296,1972,0
296,1974,0
296,1975,0
297,1975,0
298,1971,0
298,1973,0
298,1974,0
298,1975,0
299,1975,0
300,1974,0
300,1975,0
301,1975,0
302,1975,0
303,1975,0
304,1965,0
304,1966,0
304,1967,1
304,1968,0
304,1969,0
304,1970,0
304,1971,0
304,1972,0
304,1973,0
304,1974,0
305,1963,0
305,1964,0
305,1965,0
305,1971,0
305,1972,0
305,1973,0
305,1974,0
306,1967,0
306,1968,0
306,1969,0
306,1970,0
306,1971,0
306,1972,0
306,1973,0
306,1974,0
307,1971,0
307,1972,0
307,1973,0
307,1974,0
308,1974,0
309,1964,0
309,1971,0
309,1972,0
309,1973,0
309,1974,0
310,1963,0
310,1974,0
311,1974,0
312,1968,0
312,1970,0
312,1971,0
312,1972,0
312,1973,0
312,1974,0
313,1973,0
313,1974,0
314,1970,0
314,1971,0
314,1972,0
314,1973,0
314,1974,0
315,1974,0
316,1974,0
317,1970,0
317,1971,0
317,1972,0
317,1973,0
317,1974,0
318,1974,0
319,1974,0
320,1970,0
320,1971,0
320,1972,0
320,1973,0
320,1974,0
321,1968,0
321,1969,0
321,1970,0
321,1971,0
321,1972,0
321,1974,0
322,1967,0
322,1968,0
322,1971,0
322,1974,0
323,1974,0
324,1974,0
325,1974,0
326,1967,0
326,1974,0
327,1970,0
327,1971,0
327,1972,0
327,1973,0
328,1965,0
328,1966,0
328,1967,0
328,1968,0
328,1969,1
328,1970,0
328,1971,1
328,1972,0
328,1973,1
329,1971,0
329,1972,0
329,1973,0
330,1970,0
330,1971,0
330,1972,0
330,1973,0
331,1973,0
332,1973,0
333,1968,0
333,1970,0
333,1971,0
333,1972,0
333,1973,0
334,1965,0
334,1968,0
334,1971,0
334,1973,0
335,1973,0
336,1973,0
337,1971,0
337,1972,0
338,1971,0
338,1972,0
339,1970,0
339,1971,0
339,1972,0
340,1962,0
340,1963,0
340,1964,0
340,1965,0
340,1967,0
340,1968,0
340,1969,0
340,1970,0
340,1971,0
340,1972,0
341,1960,0
341,1961,0
341,1962,0
341,1963,0
341,1964,0
341,1965,0
341,1966,0
341,1967,0
341,1968,0
341,1969,0
341,1970,0
341,1971,0
341,1972,0
342,1971,0
342,1972,0
343,1968,0
343,1969,0
343,1972,0
344,1971,0
344,1972,0
345,1963,0
345,1964,0
345,1965,0
345,1966,0
345,1967,0
345,1968,0
345,1969,0
345,1970,0
345,1971,0
346,1962,0
346,1963,0
346,1964,0
346,1965,0
346,1966,0
346,1967,0
346,1968,0
346,1969,0
346,1970,0
346,1971,0
347,1956,0
347,1957,0
347,1958,0
347,1959,0
347,1960,0
347,1961,0
347,1962,0
347,1963,0
347,1964,0
347,1965,0
347,1966,0
347,1967,0
347,1968,0
347,1969,0
347,1970,0
347,1971,0
348,1971,0
349,1971,0
350,1968,0
350,1969,0
350,1971,0
351,1967,0
351,1968,0
351,1969,0
351,1970,0
351,1971,0
352,1969,0
352,1970,0
352,1971,0
353,1959,0
353,1960,0
353,1969,0
353,1970,0
353,1971,0
354,1971,0
355,1971,0
356,1955,0
356,1956,0
356,1957,0
356,1958,0
356,1959,1
356,1960,1
356,1961,0
356,1962,0
356,1963,0
356,1964,0
356,1965,0
356,1966,1
356,1967,0
356,1968,0
356,1969,0
356,1970,0
357,1969,0
357,1970,0
358,1964,0
358,1965,0
358,1966,0
358,1967,0
358,1968,0
358,1969,0
358,1970,1
359,1967,0
359,1968,0
359,1969,0
359,1970,0
360,1958,0
360,1959,0
360,1960,0
360,1961,0
360,1962,0
360,1963,0
360,1964,0
360,1965,0
360,1966,0
360,1967,0
360,1968,0
360,1969,0
360,1970,0
361,1967,0
361,1968,0
361,1969,0
361,1970,0
362,1963,0
362,1965,0
362,1969,0
362,1970,0
363,1970,0
364,1959,0
364,1960,0
364,1961,0
364,1962,0
364,1963,0
364,1964,0
364,1965,0
364,1966,0
364,1967,0
364,1968,0
364,1970,0
365,1967,0
365,1968,0
365,1970,0
366,1970,0
367,1970,0
368,1962,0
368,1963,0
368,1965,0
368,1967,0
368,1968,0
368,1969,0
369,1968,0
369,1969,0
370,1964,0
370,1965,0
370,1967,0
370,1968,0
370,1969,0
371,1967,0
371,1969,0
372,1969,0
373,1960,0
373,1961,0
373,1962,0
373,1963,1
373,1964,0
373,1965,1
373,1966,0
373,1967,0
373,1968,0
374,1963,0
374,1964,0
374,1965,0
374,1966,0
374,1967,0
374,1968,0
375,1963,0
375,1964,0
375,1965,0
375,1966,0
375,1967,0
375,1968,0
376,1959,0
376,1960,0
376,1961,0
376,1962,0
376,1963,0
376,1965,0
376,1968,0
377,1967,0
377,1968,0
378,1968,0
379,1967,0
379,1968,0
380,1964,0
380,1965,0
380,1968,0
381,1968,0
382,1963,0
382,1964,0
382,1965,0
382,1966,0
382,1967,0
382,1968,0
383,1963,0
383,1964,0
383,1965,0
383,1966,0
383,1967,0
384,1967,0
385,1961,0
385,1962,0
385,1963,0
385,1964,0
385,1965,0
385,1966,0
385,1967,0
386,1960,0
386,1961,0
386,1962,0
386,1963,0
386,1964,0
386,1965,0
386,1966,0
386,1967,0
387,1959,0
387,1966,0
387,1967,0
388,1966,0
388,1967,0
389,1966,0
389,1967,0
390,1967,0
391,1967,0
392,1967,0
393,1967,0
394,1961,0
394,1962,0
394,1963,0
394,1964,0
394,1965,0
394,1966,0
394,1967,0
395,1967,0
396,1965,0
396,1966,0
397,1962,0
397,1963,0
397,1964,0
397,1966,0
398,1960,0
398,1966,0
399,1964,0
399,1966,0
400,1966,0
401,1959,0
401,1961,0
401,1962,0
401,1963,0
401,1964,0
401,1966,0
402,1964,0
402,1965,0
402,1966,0
403,1958,0
403,1959,0
403,1960,0
403,1961,1
403,1962,0
403,1963,0
403,1964,0
403,1966,0
404,1959,0
404,1960,0
404,1961,0
404,1962,0
404,1963,0
404,1964,0
404,1965,0
404,1966,0
405,1964,0
405,1965,0
405,1966,0
406,1965,0
407,1963,0
407,1965,0
408,1961,0
408,1962,0
408,1963,0
408,1964,0
408,1965,0
409,1963,0
409,1965,0
410,1962,0
410,1963,0
410,1965,0
411,1962,0
411,1963,0
411,1965,0
412,1963,0
412,1965,0
413,1962,0
413,1963,0
413,1965,0
414,1965,0
415,1965,0
416,1965,0
417,1965,0
418,1957,0
418,1958,0
418,1959,0
418,1960,0
418,1961,0
418,1962,0
418,1963,0
418,1965,0
419,1965,0
420,1963,0
420,1964,0
420,1965,0
421,1965,0
422,1965,0
423,1963,0
423,1964,0
423,1965,0
424,1961,0
424,1962,0
424,1965,0
425,1961,0
425,1962,0
425,1965,0
426,1965,0
427,1950,0
427,1951,0
427,1952,0
427,1953,0
427,1954,0
427,1955,0
427,1956,0
427,1957,0
427,1958,0
427,1959,0
427,1960,0
427,1961,0
427,1962,0
427,1963,0
427,1964,0
428,1961,0
428,1962,0
428,1963,0
428,1964,0
429,1951,0
429,1953,0
429,1954,0
429,1956,0
429,1961,0
429,1963,0
429,1964,0
430,1957,0
430,1958,0
430,1959,0
430,1960,0
430,1961,0
430,1962,0
430,1963,0
430,1964,0
431,1953,0
431,1957,0
431,1958,0
431,1960,0
431,1961,0
431,1964,0
432,1959,0
432,1960,0
432,1963,0
432,1964,0
433,1961,0
433,1963,0
433,1964,0
434,1961,0
434,1962,0
434,1963,0
434,1964,0
435,1960,0
435,1961,0
435,1962,0
435,1963,0
436,1961,0
436,1962,0
436,1963,0
437,1958,0
437,1959,0
437,1960,0
437,1961,0
437,1962,0
437,1963,0
438,1962,0
438,1963,0
440,1960,0
440,1961,0
440,1962,0
440,1963,0
441,1959,0
441,1961,0
441,1963,0
442,1962,0
442,1963,0
443,1963,0
444,1961,0
444,1962,0
444,1963,0
445,1962,0
445,1963,0
446,1962,0
446,1963,0
447,1961,0
447,1963,0
448,1963,0
449,1951,0
449,1952,0
449,1953,0
449,1954,0
449,1955,0
449,1956,0
449,1957,0
449,1958,0
449,1959,0
449,1960,0
449,1963,0
450,1963,0
451,1963,0
452,1963,0
453,1961,0
453,1962,0
454,1961,0
454,1962,0
455,1953,0
455,1958,0
455,1960,0
455,1961,0
455,1962,0
456,1952,0
456,1953,0
456,1954,0
456,1955,0
456,1956,0
456,1957,0
456,1958,0
456,1959,0
456,1960,0
456,1961,0
456,1962,0
457,1962,0
458,1962,0
459,1957,0
459,1958,0
459,1961,0
459,1962,0
460,1961,0
460,1962,0
461,1962,0
462,1959,0
462,1962,0
463,1962,0
464,1962,0
465,1959,0
465,1960,0
465,1961,0
465,1962,0
466,1962,0
467,1961,0
467,1962,0
468,1961,0
468,1962,0
469,1962,0
470,1962,0
471,1962,0
472,1962,0
473,1962,0
474,1962,0
475,1951,0
475,1952,0
475,1953,0
475,1954,0
475,1955,0
475,1956,0
475,1957,0
475,1958,0
475,1959,0
475,1960,0
475,1961,0
476,1956,0
476,1957,0
476,1958,0
476,1959,0
476,1960,0
476,1961,0
477,1958,0
477,1959,0
477,1960,0
477,1961,0
478,1953,0
478,1954,0
478,1955,0
478,1957,0
478,1958,0
478,1959,0
478,1960,0
478,1961,0
479,1956,0
479,1957,0
479,1958,0
479,1959,0
479,1960,0
479,1961,0
480,1961,0
481,1959,0
481,1960,0
481,1961,0
482,1956,0
482,1958,0
482,1959,0
482,1960,0
482,1961,0
483,1956,0
483,1957,0
483,1958,0
483,1959,0
483,1960,0
483,1961,0
484,1957,0
484,1958,0
484,1959,0
484,1960,0
484,1961,0
486,1953,0
486,1955,0
486,1956,0
486,1957,0
486,1958,0
486,1959,0
486,1960,0
486,1961,0
487,1961,0
488,1961,0
489,1961,0
490,1961,0
491,1960,0
491,1961,0
492,1961,0
493,1961,0
494,1960,0
494,1961,0
495,1961,0
500,1960,0
501,1950,0
501,1951,0
501,1952,0
501,1953,0
501,1954,0
501,1955,0
501,1956,0
501,1957,0
501,1958,0
501,1959,0
501,1960,0
502,1958,0
502,1959,0
502,1960,0
503,1960,0
504,1960,0
505,1959,0
505,1960,0
506,1956,0
506,1957,0
506,1959,0
506,1960,0
507,1960,0
508,1960,0
509,1950,0
509,1952,0
509,1953,0
509,1954,0
509,1955,0
509,1956,0
509,1957,0
509,1958,0
509,1959,0
509,1960,0
510,1958,0
510,1959,0
510,1960,0
511,1959,0
511,1960,0
512,1953,0
512,1954,0
512,1955,0
512,1956,0
512,1957,0
512,1958,0
512,1959,0
512,1960,0
513,1952,0
513,1953,0
513,1954,0
513,1955,0
513,1956,0
513,1957,0
513,1958,0
513,1959,0
513,1960,0
514,1956,0
514,1957,0
514,1958,0
514,1959,0
514,1960,0
515,1960,0
516,1956,0
516,1957,0
516,1958,0
516,1959,0
516,1960,0
517,1959,0
517,1960,0
518,1950,0
518,1951,0
518,1952,0
518,1953,0
518,1954,0
518,1955,0
518,1959,0
518,1960,0
519,1954,0
519,1955,0
519,1960,0
520,1950,0
520,1952,0
520,1953,0
520,1954,0
520,1956,0
520,1957,0
520,1959,0
520,1960,0
521,1951,0
521,1952,0
521,1953,0
521,1954,0
521,1960,0
522,1959,0
522,1960,0
523,1955,0
523,1958,0
523,1960,0
524,1960,0
525,1952,0
525,1953,0
525,1954,0
525,1955,0
525,1956,0
525,1957,0
525,1958,0
525,1959,0
525,1960,0
526,1950,0
526,1951,0
526,1952,0
526,1954,0
526,1956,0
526,1957,0
526,1958,0
526,1960,0
527,1957,0
527,1958,0
527,1959,0
527,1960,0
528,1953,0
528,1954,0
528,1955,0
528,1956,0
528,1957,0
528,1958,0
528,1959,0
528,1960,0
529,1950,0
529,1951,0
529,1952,0
529,1953,0
529,1954,0
529,1955,0
529,1956,0
529,1957,0
529,1958,0
529,1959,0
529,1960,0
530,1960,0
531,1958,0
531,1959,0
531,1960,0
532,1955,0
532,1956,0
532,1957,0
532,1960,0
533,1955,0
533,1956,0
533,1957,0
533,1958,0
533,1959,0
533,1960,0
534,1951,0
534,1960,0
535,1959,0
535,1960,0
536,1958,0
536,1959,0
536,1960,0
537,1950,0
537,1956,0
537,1958,0
537,1959,0
537,1960,0
538,1955,0
538,1956,0
538,1957,0
538,1959,0
538,1960,0
539,1958,0
539,1960,0
540,1959,0
540,1960,0
541,1954,0
541,1956,0
541,1957,0
541,1958,0
541,1959,0
541,1960,0
542,1959,0
542,1960,0
543,1958,0
543,1959,0
543,1960,0
544,1960,0
545,1960,0
546,1960,0
547,1954,0
547,1955,0
547,1956,0
547,1957,0
547,1958,0
547,1960,0
548,1960,0
549,1957,0
549,1958,0
549,1959,0
550,1959,0
551,1958,0
551,1959,0
552,1959,0
553,1958,0
553,1959,0
554,1952,0
554,1953,0
554,1954,0
554,1955,0
554,1956,0
554,1957,0
554,1958,0
554,1959,0
555,1950,0
555,1953,0
555,1954,0
555,1955,0
555,1956,0
555,1957,0
555,1958,0
555,1959,0
556,1953,0
556,1954,0
556,1955,0
556,1956,0
556,1957,0
556,1959,0
557,1959,0
558,1955,0
558,1956,0
558,1957,0
558,1958,0
558,1959,0
559,1950,0
559,1953,0
559,1954,0
559,1955,0
559,1956,0
559,1959,0
560,1957,0
560,1958,0
560,1959,0
561,1955,0
561,1956,0
561,1959,0
562,1956,0
562,1957,0
562,1958,0
562,1959,0
563,1955,0
563,1957,0
563,1958,0
563,1959,0
564,1958,0
564,1959,0
565,1957,0
565,1958,0
565,1959,0
566,1958,0
566,1959,0
567,1959,0
568,1959,0
569,1959,0
570,1959,0
571,1959,0
572,1959,0
573,1957,0
573,1959,0
574,1959,0
575,1959,0
576,1959,0
577,1953,0
577,1954,0
577,1955,0
577,1956,0
577,1957,0
577,1958,0
578,1952,0
578,1953,0
578,1954,0
578,1955,0
578,1956,0
578,1957,0
578,1958,1
580,1951,0
580,1954,0
580,1956,0
580,1957,0
580,1958,0
581,1952,0
581,1953,0
581,1954,0
581,1955,0
581,1956,0
581,1957,0
581,1958,0
582,1958,0
583,1956,0
583,1958,0
584,1958,0
585,1956,0
585,1958,0
586,1955,0
586,1956,0
586,1957,0
586,1958,0
587,1958,0
588,1958,0
589,1950,0
589,1951,0
589,1953,0
589,1955,0
589,1956,0
589,1958,0
590,1957,0
590,1958,0
591,1958,0
592,1952,0
592,1954,0
592,1955,0
592,1956,0
592,1957,0
592,1958,0
593,1950,0
593,1951,0
593,1952,0
593,1953,0
593,1954,0
593,1955,0
593,1956,0
593,1957,0
593,1958,0
594,1956,0
594,1957,0
594,1958,0
595,1956,0
595,1958,0
596,1954,0
596,1955,0
596,1956,0
596,1957,0
596,1958,0
597,1954,0
597,1955,0
597,1956,0
597,1957,0
597,1958,0
598,1958,0
599,1958,0
600,1958,0
601,1957,0
601,1958,0
602,1958,0
603,1958,0
604,1958,0
605,1958,0
606,1956,0
606,1957,0
607,1955,0
607,1956,0
607,1957,0
608,1955,0
608,1956,0
608,1957,0
609,1951,0
609,1952,0
609,1955,0
609,1956,0
609,1957,0
610,1956,0
610,1957,0
611,1950,0
611,1951,0
611,1952,0
611,1953,0
611,1954,0
611,1955,0
611,1956,0
611,1957,0
612,1951,0
612,1952,0
612,1953,0
612,1954,0
612,1955,0
612,1956,0
612,1957,0
613,1953,0
613,1954,0
613,1957,0
614,1957,0
615,1950,0
615,1951,0
615,1952,0
615,1953,0
615,1954,0
615,1955,0
615,1956,0
615,1957,0
616,1957,0
617,1957,0
618,1957,0
619,1950,0
619,1951,0
619,1953,0
619,1954,0
619,1956,0
619,1957,0
620,1953,0
620,1954,0
620,1955,0
620,1956,0
620,1957,0
621,1957,0
622,1951,0
622,1952,0
622,1953,0
622,1956,0
623,1955,0
623,1956,0
624,1955,0
624,1956,0
625,1952,0
625,1953,0
625,1954,0
625,1955,0
625,1956,0
626,1950,0
626,1951,0
626,1952,0
626,1953,0
626,1954,0
626,1955,0
626,1956,0
627,1950,0
627,1951,0
627,1952,0
627,1953,0
627,1954,0
627,1955,0
627,1956,0
628,1952,0
628,1953,0
628,1954,0
628,1955,0
628,1956,0
629,1951,0
629,1952,0
629,1956,0
630,1950,0
630,1951,0
630,1953,0
630,1956,0
631,1955,0
631,1956,0
632,1952,0
632,1953,0
632,1954,0
632,1955,0
632,1956,0
633,1950,0
633,1951,0
633,1952,0
633,1953,0
633,1954,0
633,1955,0
633,1956,0
634,1956,0
635,1956,0
636,1956,0
637,1956,0
638,1954,0
638,1956,0
638,1957,0
639,1956,0
640,1950,0
640,1951,0
640,1952,0
640,1953,0
640,1954,0
640,1956,0
641,1950,0
641,1951,0
641,1952,0
641,1954,0
641,1955,0
641,1956,0
642,1950,1
642,1951,0
642,1952,0
642,1953,0
642,1954,0
642,1955,0
644,1953,0
644,1954,0
644,1955,0
647,1950,0
647,1951,0
647,1952,1
647,1953,1
647,1954,0
647,1955,0
648,1954,0
648,1955,0
650,1954,0
650,1955,0
651,1952,0
651,1953,0
651,1954,0
651,1955,0
652,1955,0
653,1950,0
653,1951,0
653,1953,0
653,1954,0
653,1955,0
654,1950,0
654,1951,0
654,1953,0
654,1954,0
654,1955,0
655,1953,0
655,1954,0
655,1955,0
656,1952,0
656,1953,0
656,1954,0
656,1955,0
657,1951,0
657,1952,0
657,1953,0
657,1954,0
657,1955,0
658,1950,0
658,1951,0
658,1952,0
658,1953,0
658,1954,0
658,1955,0
659,1950,0
659,1953,0
659,1954,0
659,1955,0
660,1950,0
660,1951,0
660,1952,0
660,1953,0
660,1955,0
661,1950,0
661,1951,0
661,1955,0
662,1955,0
663,1952,0
663,1953,0
663,1954,0
663,1955,0
664,1952,0
664,1953,0
664,1955,0
665,1954,0
665,1955,0
666,1950,0
666,1953,0
666,1955,0
667,1953,0
667,1955,0
668,1955,0
669,1950,0
669,1951,0
669,1952,0
669,1953,0
669,1954,0
671,1954,0
673,1951,0
673,1953,0
673,1954,0
674,1954,0
675,1951,0
675,1952,0
675,1953,0
675,1954,0
676,1954,0
677,1950,0
677,1952,0
677,1953,0
677,1954,0
678,1954,0
679,1953,0
679,1954,0
680,1951,0
680,1953,0
680,1954,0
681,1953,0
681,1954,0
682,1954,0
683,1954,0
684,1954,0
685,1954,0
686,1950,0
686,1951,0
686,1952,0
686,1954,0
687,1950,0
687,1951,0
687,1952,0
687,1953,0
687,1954,0
688,1952,0
688,1954,0
689,1952,0
689,1953,0
689,1954,0
690,1953,0
690,1954,0
691,1953,0
691,1954,0
692,1952,0
692,1953,0
692,1954,0
693,1953,0
693,1954,0
694,1954,0
696,1953,0
697,1950,0
697,1951,0
697,1952,0
697,1953,0
699,1951,0
699,1952,0
699,1953,0
700,1951,0
700,1953,0
701,1950,0
701,1953,0
702,1952,0
702,1953,0
702,1954,0
703,1952,0
703,1953,0
704,1950,0
704,1951,0
704,1952,0
704,1953,0
705,1952,0
705,1953,0
706,1953,0
707,1953,0
708,1951,0
708,1952,0
708,1953,0
709,1952,0
709,1953,0
710,1952,0
710,1953,0
711,1953,0
712,1952,0
712,1953,0
713,1953,0
714,1953,0
715,1952,0
715,1953,0
716,1953,0
717,1952,0
717,1953,0
718,1953,0
719,1953,0
720,1952,0
720,1953,0
721,1951,0
721,1952,0
721,1953,0
722,1952,0
722,1953,0
723,1951,0
723,1952,0
724,1952,0
725,1951,0
725,1952,0
726,1950,0
726,1951,0
726,1952,0
727,1952,0
728,1951,0
728,1952,0
729,1950,0
729,1951,0
729,1952,0
730,1952,0
730,1954,0
731,1950,0
731,1951,0
731,1952,0
732,1950,0
732,1951,0
732,1952,0
733,1951,0
733,1952,0
734,1951,0
734,1952,0
735,1952,0
736,1952,0
737,1952,0
738,1952,0
739,1952,0
740,1950,0
740,1952,0
741,1950,0
741,1951,0
741,1952,0
742,1952,0
743,1952,0
744,1952,0
745,1952,0
746,1952,0
747,1950,0
747,1951,0
747,1952,0
748,1952,0
749,1952,0
750,1952,0
751,1952,0
752,1952,0
753,1952,0
754,1952,0
755,1952,0
756,1950,0
756,1951,0
756,1952,0
757,1952,0
758,1952,0
759,1952,0
760,1952,0
762,1950,0
762,1951,0
762,1952,0
763,1950,0
763,1951,0
764,1950,0
764,1951,0
765,1950,0
765,1951,0
766,1950,0
766,1951,0
767,1951,0
768,1950,0
768,1951,0
769,1951,0
770,1950,0
770,1951,0
771,1950,0
771,1951,0
772,1950,0
772,1951,0
773,1950,0
773,1951,0
774,1950,0
774,1951,0
775,1951,0
776,1950,0
776,1951,0
777,1951,0
778,1950,0
778,1951,0
779,1951,0
780,1950,0
780,1951,0
781,1951,0
782,1951,0
783,1951,0
784,1950,0
785,1950,0
786,1950,0
786,1951,0
787,1950,0
788,1950,0
789,1950,0
790,1950,0
791,1950,0
793,1950,0
794,1950,0
795,1950,0
796,1950,0
797,1950,0
797,1953,0
798,1950,0
799,1950,0
799,1954,0
800,1950,0
801,1950,0
802,1950,0
803,1950,0
804,1953,0
805,1954,0
806,1956,0
807,2010,0
807,2012,0
807,2013,0
807,2014,0
807,2015,0
807,2016,0
807,2017,0
807,2018,0
807,2019,0
807,2020,0
807,2022,0
807,2023,0
807,2024,0
808,2010,0
808,2011,0
808,2012,0
810,2010,0
811,2010,0
811,2011,0
811,2012,0
812,2010,0
812,2011,0
813,2011,0
813,2012,0
813,2013,0
813,2014,0
813,2015,0
814,2011,0
814,2012,0
814,2013,0
814,2017,0
815,2011,0
815,2012,0
815,2013,0
815,2014,0
815,2015,0
815,2016,0
815,2017,0
815,2018,0
815,2019,0
815,2020,0
815,2021,0
815,2022,0
815,2023,0
815,2024,0
816,2011,0
816,2012,0
817,2011,0
817,2012,0
817,2013,0
817,2014,0
817,2015,0
817,2016,0
817,2017,0
817,2018,0
817,2019,0
817,2020,0
817,2021,0
817,2022,0
817,2023,0
817,2024,0
818,2012,0
818,2013,0
818,2014,0
819,2012,0
819,2013,0
820,2013,0
820,2014,0
821,2013,0
821,2014,0
821,2016,0
822,2013,0
822,2014,0
822,2015,0
822,2016,0
822,2017,0
822,2018,0
822,2019,0
822,2020,0
822,2021,0
822,2022,0
822,2023,0
822,2024,0
823,2013,0
824,2013,0
824,2014,0
825,2014,0
825,2015,0
825,2016,0
825,2017,0
825,2018,0
825,2019,0
825,2020,0
825,2022,0
825,2023,0
825,2024,0
826,2014,0
826,2015,0
826,2016,0
826,2017,0
826,2019,0
826,2020,0
827,2014,0
828,2014,0
828,2015,0
828,2016,0
828,2017,0
828,2018,0
829,2014,0
829,2015,0
830,2015,0
830,2016,0
830,2017,0
830,2018,0
830,2019,0
830,2020,0
830,2021,1
830,2022,1
830,2023,1
830,2024,1
831,2015,0
831,2016,0
832,2015,0
832,2016,0
832,2017,0
832,2018,0
832,2019,0
832,2020,0
832,2021,0
832,2022,0
832,2023,0
832,2024,0
833,2015,0
834,2015,0
835,2016,0
835,2017,0
836,2016,0
836,2017,0
837,2016,0
838,2016,0
838,2017,0
838,2018,0
839,2016,0
839,2017,0
839,2018,0
839,2020,0
839,2021,0
839,2022,0
839,2023,0
839,2024,0
840,2017,0
840,2018,0
840,2019,0
840,2020,0
840,2021,0
840,2022,0
840,2023,0
840,2024,0
841,2017,0
841,2019,0
841,2020,0
841,2021,0
842,2017,0
842,2018,0
842,2019,0
842,2020,0
842,2021,0
842,2022,0
842,2023,0
842,2024,0
843,2017,0
843,2018,0
844,2018,0
844,2019,0
844,2020,0
844,2021,0
844,2022,0
844,2023,0
844,2024,0
845,2018,0
846,2019,0
846,2020,0
846,2021,0
846,2022,0
846,2023,0
846,2024,0
847,2019,0
847,2020,0
847,2021,0
847,2022,0
847,2023,0
847,2024,0
848,2019,0
848,2020,0
848,2022,0
848,2023,0
848,2024,0
849,2020,0
849,2021,0
849,2022,0
850,2020,0
851,2020,0
852,2021,0
852,2022,0
852,2023,0
852,2024,0
853,2021,0
854,2021,0
854,2022,0
855,2022,0
855,2023,0
855,2024,0
856,2022,0
856,2023,0
857,2023,0
857,2024,0
858,2023,0
858,2024,0
859,2023,0
859,2024,0
860,2024,0
861,2024,0
862,2024,0
